<?xml version="1.0" encoding="utf-8"?>
<ModMetaData>
  <name>Opened Doors Don't Block Light</name>
  <author>mlph</author>
  <supportedVersions>
    <li>1.0</li>
    <li>1.1</li>
    <li>1.2</li>
    <li>1.5</li>
    <li>1.6</li>
  </supportedVersions>
  <packageId>mlph.OpenedDoorsDontBlockLight</packageId>
  <description>Light can pass through the opened doors.

This mod uses Harmony.


It can be added to existing save data.
Removing this mod outputs error, but it seems no problems.

[h2]NOTICE[/h2]
As This mod does frequent lighting update(a update per 5 ticks(1/12 second)), it may cause lag in some condition.</description>
  <modDependencies>
    <li>
      <packageId>brrainz.harmony</packageId>
      <displayName>Harmony</displayName>
      <steamWorkshopUrl>steam://url/CommunityFilePage/2009463077</steamWorkshopUrl>
      <downloadUrl>https://github.com/pardeike/HarmonyRimWorld/releases/latest</downloadUrl>
    </li>
  </modDependencies>
  <loadAfter>
    <li>brrainz.harmony</li>
  </loadAfter>
</ModMetaData>
